1	21479	0
2	24677	0
3	28401	0
4	28338	0
5	29935	0
6	31573	0
7	31857	0
8	33318	0
9	34855	0
10	36364	0
11	38305	0
12	39876	0
13	41841	0
14	43249	0
15	45046	0
16	45066	0
17	47794	0
18	40848	0
19	1381	128
21	22287	0
22	23577	0
23	25889	0
24	25958	0
25	28180	0
26	31665	0
27	14733	0
28	16426	0
29	18648	0
30	19427	0
31	25347	0
32	24030	0
33	24423	0
34	26474	0
35	27567	0
36	31488	0
37	14686	0
38	21439	0
39	18895	0
40	20027	0
41	21028	0
42	23228	0
43	24800	0
44	26289	0
45	27997	0
46	29323	0
47	14264	0
48	15878	0
49	17514	0
50	19791	0
51	20903	0
52	22397	0
53	24144	0
54	26275	0
55	28341	0
56	28943	0
57	14179	0
58	15973	0
59	17418	0
60	19260	0
61	21640	0
62	22158	0
63	24032	0
64	35241	0
65	27537	0
66	29092	0
67	14522	0
68	16227	0
69	17331	0
70	19548	0
71	21866	0
72	23192	0
73	26417	0
74	26847	0
75	28362	0
76	30345	0
77	14552	0
78	16419	0
79	18411	0
80	20613	0
81	20945	0
82	23292	0
83	25134	0
84	27140	0
85	31379	0
86	31689	0
87	13779	0
88	15709	0
89	16621	0
90	18582	0
91	20425	0
92	21448	0
93	23816	0
94	24943	0
95	27375	0
96	29400	0
97	13750	0
98	16178	0
99	17461	0
100	24179	0
101	28091	0
102	26183	0
103	28862	0
104	29857	0
105	33731	0
106	36483	0
107	20362	0
108	21035	0
109	27368	0
110	24406	0
111	27299	0
112	29466	0
113	29253	0
114	31505	0
115	33792	0
116	35115	0
117	20671	0
118	22127	0
119	25436	0
120	26401	0
121	28372	0
122	30155	0
123	29487	0
124	31526	0
125	34308	0
126	36795	0
127	21972	0
128	22308	0
129	22814	0
130	25947	0
131	27266	0
132	28933	0
133	30610	0
134	34275	0
135	33804	0
136	39415	0
137	19924	0
138	22632	0
139	22905	0
140	25140	0
141	24881	0
142	27729	0
143	29434	0
144	32407	0
145	32053	0
146	34857	0
147	19501	0
148	21763	0
149	23674	0
150	24531	0
151	28085	0
152	28313	0
153	29517	0
154	33681	0
155	34752	0
156	35998	0
157	19054	0
158	22355	0
159	22514	0
160	26137	0
161	27933	0
162	29348	0
163	28888	0
164	32531	0
165	35763	0
166	36123	0
167	19428	0
168	22374	0
169	22370	0
170	26591	0
171	25942	0
172	28995	0
173	29288	0
174	32390	0
175	34572	0
176	34313	0
177	18417	0
178	20708	0
179	27420	0
180	26418	0
181	27739	0
182	29152	0
183	33141	0
184	33704	0
185	35697	0
186	39245	0
187	20324	0
188	21149	0
189	22283	0
190	23927	0
191	26605	0
192	29216	0
193	32314	0
194	35586	0
195	35850	0
196	36837	0
197	21335	0
198	18793	0
199	21757	0
200	25259	0
201	27804	0
202	29259	0
203	30393	0
204	32257	0
205	34373	0
206	35299	0
207	20008	0
208	22829	0
209	23320	0
210	24705	0
211	27778	0
212	28664	0
213	30428	0
214	33949	0
215	33855	0
216	36388	0
217	22711	0
218	24130	0
219	22459	0
220	27591	0
221	28436	0
222	29737	0
223	29544	0
224	35316	0
225	34442	0
226	37801	0
227	20630	0
228	22667	0
229	22538	0
230	27591	0
231	27060	0
232	30237	0
233	32091	0
234	33608	0
235	37280	0
236	37618	0
237	20330	0
238	22025	0
239	24361	0
240	25504	0
241	28662	0
242	28278	0
243	27897	0
244	31460	0
245	33743	0
246	36534	0
247	18810	0
248	20132	0
249	22294	0
250	25234	0
251	26827	0
252	28871	0
253	30269	0
254	30703	0
255	34022	0
256	34984	0
257	19801	0
258	20768	0
259	24756	0
260	24586	0
261	27947	0
262	33512	0
263	30887	0
264	33114	0
265	35051	0
266	36748	0
267	20091	0
268	22538	0
269	27341	0
270	26202	0
271	33222	0
272	32893	0
273	40858	0
274	53452	0
275	46377	0
276	41619	0
277	23482	0
278	26836	0
279	30731	0
280	28805	0
281	35861	0
282	37128	0
283	41552	0
284	35498	0
285	36846	0
286	37131	0
287	22955	0
288	21220	0
289	25394	0
290	26032	0
291	25099	0
292	30240	0
293	30542	0
294	29589	0
295	33922	0
296	35142	0
297	19320	0
298	22683	0
299	24287	0
300	24732	0
301	30017	0
302	31122	0
303	30533	0
304	34857	0
305	32214	0
306	34970	0
307	19034	0
308	22036	0
309	22606	0
310	27802	0
311	46179	0
312	33376	0
313	30364	0
314	35551	0
315	39521	0
316	39680	0
317	21934	0
318	23825	0
319	26178	0
320	28830	0
321	29299	0
322	32227	0
323	33168	0
324	34739	0
325	35672	0
326	39093	0
327	24451	0
328	27250	0
329	29204	0
330	29156	0
331	30733	0
332	31085	0
333	34620	0
334	34074	0
335	35893	0
336	33053	0
337	14176	0
338	16071	0
339	17820	0
340	20185	0
341	21102	0
342	22569	0
343	26207	0
344	27289	0
345	29149	0
346	30356	0
347	15411	0
348	16473	0
349	18092	0
350	21399	0
351	22102	0
352	24916	0
353	28841	0
354	28499	0
355	31524	0
356	32894	0
357	16100	0
358	18271	0
359	20544	0
360	21616	0
361	22422	0
362	25568	0
363	26723	0
364	32140	0
365	36796	0
366	43911	0
367	18507	0
368	17164	0
369	21920	0
370	24671	0
371	24263	0
372	33006	0
373	33998	0
374	39659	0
375	38808	0
376	43142	0
377	18018	0
378	20658	0
379	27382	0
380	30328	0
381	30199	0
382	38125	0
383	37781	0
384	60091	0
385	38681	0
386	60188	0
387	19660	0
388	29166	0
389	27691	0
390	26228	0
391	32309	0
392	26068	0
393	34404	0
394	34880	0
395	41028	0
396	36747	0
397	20232	0
398	23204	0
399	26244	0
400	23947	0
401	26285	0
402	26854	0
403	32133	0
404	32659	0
405	36556	0
406	39007	0
407	17718	0
408	19466	0
409	22324	0
410	25023	0
411	23918	0
412	26228	0
413	27526	0
414	30159	0
415	31930	0
416	36889	0
417	19706	0
418	19082	0
419	28301	0
420	37104	0
421	42068	0
422	31989	0
423	38070	0
424	47226	0
425	50828	0
426	41718	0
427	25267	0
428	42940	0
429	28169	0
430	26155	0
431	24091	0
432	29884	0
433	28745	0
434	35863	0
435	34451	0
436	40803	0
437	17092	0
438	16759	0
439	18271	0
440	19904	0
441	22228	0
442	53090	0
443	28294	0
444	28683	0
445	32389	0
446	32841	0
447	16769	0
448	24009	0
449	24934	0
450	27168	0
451	27672	0
452	31929	0
453	37036	0
454	34874	0
455	38134	0
456	41909	0
457	27037	0
458	23580	0
459	25963	0
460	30951	0
461	29079	0
462	34301	0
463	47511	0
464	36585	0
465	40150	0
466	43047	0
467	25035	0
468	41539	0
470	26970	0
471	27635	0
472	41205	0
473	32090	0
474	33056	0
475	50974	0
476	48329	0
477	21472	0
478	22080	0
479	25186	0
480	30330	0
481	28988	0
482	30580	0
483	32374	0
484	35565	0
485	36019	0
486	39238	0
487	20661	0
488	22047	0
489	24055	0
490	25194	0
491	28768	0
492	29098	0
493	28399	0
494	34493	0
495	35126	0
496	42101	0
497	20354	0
498	21591	0
499	23693	0
500	28831	0
